"V1"	"V2"
"AALA"	"81.9"
"AAXJ"	"97.4"
"ABCD"	"90.4"
"ABEH"	"89.4"
"ABIJ"	"82.9"
"ABSS"	"92.4"
"ACFP"	"74.3"
"ACRY"	"61.4"
"ACWS"	"91.1"
"ACYX"	"91.8"
"ADHK"	"88.1"
"AEKF"	"62.8"
"AEPI"	"95.1"
"AEXY"	"73.9"
"AFLV"	"93.5"
"AFPO"	"92.5"
"AFQQ"	"92.7"
"AGIO"	"80.5"
"AHRN"	"95.4"
"AIGO"	"94.1"
"AIOU"	"94.7"
"AJAU"	"82.5"
"AJBK"	"88.4"
"AJFN"	"96.1"
"AJJE"	"80.6"
"AJUW"	"89.8"
"AKCR"	"84.5"
"AKRH"	"90.9"
"AKTA"	"91.1"
"AKXB"	"87.1"
"ALUC"	"89.7"
"ALVQ"	"90.8"
"ALZF"	"83.8"
"ANON"	"72"
"AOUJ"	"85.9"
"APTP"	"86.5"
"AQFM"	"92.4"
"AQGE"	"94.1"
"AQXA"	"81.2"
"AQZD"	"87.1"
"AREG"	"85.5"
"ARYD"	"95.1"
"ASMV"	"90.2"
"ASZK"	"81.9"
"ATFX"	"94.8"
"ATQZ"	"93.4"
"ATYL"	"89.4"
"AUDE"	"94.8"
"AUGV"	"94.4"
"AUIP"	"92.4"
"AVJK"	"92.7"
"AWJM"	"90.4"
"AWOI"	"95.4"
"AWQB"	"94.8"
"AXAF"	"57.1"
"AXBO"	"69.3"
"AXNH"	"94.4"
"AXPJ"	"64.7"
"AYIY"	"94.1"
"AYMT"	"85.1"
"AYPS"	"74.3"
"AZBL"	"94.7"
"AZZW"	"88.8"
"BAHE"	"88.5"
"BAJW"	"79.9"
"BAKF"	"62.5"
"BAZF"	"92.1"
"BBBA"	"72.6"
"BBDD"	"91.4"
"BCAA"	"93.7"
"BCGB"	"88.8"
"BCYF"	"47.2"
"BDIW"	"97.4"
"BDJQ"	"90.4"
"BEFC"	"91.2"
"BEGM"	"83.5"
"BEKN"	"93.7"
"BERS"	"92"
"BFIK"	"94.1"
"BFJL"	"96.7"
"BFMT"	"94.3"
"BGXB"	"91"
"BGZG"	"86.4"
"BHBK"	"88.8"
"BHYC"	"94.8"
"BIDT"	"92.5"
"BILC"	"85.8"
"BIVQ"	"0.299999999999997"
"BJKT"	"90.1"
"BJSW"	"96.7"
"BKQU"	"91.8"
"BLAJ"	"87.1"
"BLVL"	"55.5"
"BLWH"	"88.5"
"BMIF"	"91.1"
"BMJR"	"94.1"
"BMRX"	"91.1"
"BMSE"	"91.5"
"BNCU"	"94.4"
"BNDE"	"92.1"
"BNTL"	"91.1"
"BOGT"	"86.4"
"BOLZ"	"90.2"
"BPKH"	"92.7"
"BPSG"	"95.7"
"BQEQ"	"96.3"
"BRUD"	"91.8"
"BSEY"	"93.2"
"BSNI"	"86.1"
"BSTR"	"90.8"
"BSVG"	"94.7"
"BTFM"	"81.5"
"BTTS"	"89.8"
"BTZX"	"87.5"
"BUWV"	"95.3"
"BVOF"	"95.7"
"BWRK"	"94.7"
"BWVJ"	"66.6"
"BXAY"	"92.7"
"BXBF"	"76.3"
"BYNZ"	"83.9"
"BYPY"	"89.8"
"BYQM"	"96.7"
"BZDF"	"96.7"
"BZMI"	"93.4"
"BZSH"	"93.1"
"CAIX"	"74.9"
"CAPN"	"72.3"
"CAQZ"	"89.1"
"CBAE"	"84.2"
"CBJR"	"96.3"
"CBNG"	"71.6"
"CCHG"	"95.1"
"CCID"	"94"
"CDFR"	"96.5"
"CFRN"	"78.5"
"CGDN"	"95.6"
"CGGO"	"19.8"
"CHJJ"	"95.4"
"CHTD"	"89.8"
"CIAC"	"83.5"
"CIEA"	"91.8"
"CJGZ"	"89.9"
"CJNT"	"92.4"
"CKDK"	"93.7"
"CKKR"	"87.8"
"CKXF"	"71.1"
"CLMX"	"86.2"
"CLNU"	"93.1"
"CLRW"	"83.2"
"CMCY"	"85.9"
"CMEQ"	"95.8"
"CMFF"	"68.4"
"CNTZ"	"55.4"
"COAQ"	"95.7"
"COBX"	"93.1"
"COCP"	"75.5"
"CPKP"	"93.1"
"CPLT"	"85.5"
"CPOC"	"87.8"
"CQMG"	"86.7"
"CQPW"	"87.8"
"CQQP"	"91.1"
"CRNC"	"89.4"
"CSSK"	"83.1"
"CSUV"	"88.5"
"CSWE"	"79.9"
"CTSS"	"67.7"
"CTYH"	"84.4"
"CUTE"	"94"
"CUVY"	"80.5"
"CVDF"	"96.4"
"CVEG"	"92.4"
"CWLL"	"93.7"
"CWYJ"	"93.8"
"CWZU"	"88.4"
"CXSJ"	"92.1"
"CYVA"	"89.5"
"CZJT"	"89.5"
"CZPV"	"97"
"DAAD"	"78.9"
"DAYQ"	"94.1"
"DBCE"	"85.5"
"DBYD"	"72.6"
"DCCI"	"94.8"
"DCDT"	"95.4"
"DCVZ"	"1"
"DDEV"	"93.7"
"DDRL"	"92.1"
"DEMH"	"89.7"
"DESP"	"92.8"
"DFDS"	"76.9"
"DFHO"	"94.4"
"DFYF"	"92.8"
"DGNP"	"95"
"DGXS"	"96.1"
"DHAW"	"73.6"
"DHPO"	"94.4"
"DHWX"	"93.1"
"DIBI"	"86.2"
"DIHD"	"87.5"
"DJSE"	"86.8"
"DKFZ"	"89.7"
"DLAI"	"83.2"
"DLJZ"	"95.1"
"DMIN"	"93.1"
"DMKC"	"21.5"
"DMLT"	"95.3"
"DNQA"	"34.4"
"DOVJ"	"68.6"
"DPFW"	"68.3"
"DRFX"	"68.3"
"DRGY"	"77.9"
"DRIL"	"92.8"
"DSUV"	"93.8"
"DSVQ"	"91"
"DSWR"	"83.8"
"DSXO"	"88.4"
"DTNC"	"96.1"
"DTOA"	"97.1"
"DUMA"	"91.4"
"DUNJ"	"92.1"
"DUQG"	"92.5"
"DVXD"	"89.5"
"DVYE"	"86.7"
"DWAP"	"92.4"
"DWZT"	"55.8"
"DXNY"	"88"
"DXOU"	"79.9"
"DXQW"	"92.5"
"DYFF"	"20.2"
"DZLN"	"85.5"
"DZPJ"	"82.8"
"DZQM"	"96"
"DZRA"	"88.4"
"DZTK"	"91.8"
"EAAA"	"91.7"
"EATP"	"89.4"
"EAVM"	"82.2"
"EBOL"	"71"
"EBPG"	"92.7"
"EBWI"	"59.8"
"ECSL"	"90.7"
"ECTD"	"91.5"
"EDBB"	"94"
"EDEQ"	"93.4"
"EDHN"	"97.3"
"EDIT"	"94.7"
"EDXZ"	"93.8"
"EEAQ"	"94.8"
"EEJO"	"85.9"
"EEMJ"	"86.4"
"EFCZ"	"97.4"
"EFMS"	"95.4"
"EGLZ"	"94.1"
"EGNB"	"67.6"
"EGOS"	"92.4"
"EHNF"	"91"
"EIGQ"	"85.2"
"EILE"	"96.7"
"EITK"	"88.5"
"EJBY"	"89.5"
"EJCM"	"94.7"
"EMAL"	"88.7"
"EMBR"	"91.5"
"EMIG"	"94.5"
"EMJJ"	"95"
"ENAU"	"53.7"
"ENCD"	"86.1"
"ENQF"	"93.1"
"EPRK"	"89.9"
"EPVF"	"89.8"
"EQDA"	"92.4"
"EQYT"	"91.1"
"ERIA"	"83.1"
"ERWT"	"91.4"
"ERXG"	"93.7"
"ESYX"	"88.1"
"ETCJ"	"93.8"
"ETGN"	"49.8"
"EVOD"	"95"
"EWHG"	"89.1"
"EWXK"	"88.1"
"EXGW"	"93.4"
"EXHX"	"89.8"
"EYKJ"	"93.8"
"EYRD"	"92.8"
"EZGR"	"91.4"
"EZXQ"	"88.5"
"EZZT"	"92.1"
"FAJB"	"82.5"
"FAKD"	"86.8"
"FALI"	"94.8"
"FAMO"	"94.4"
"FANS"	"8.59999999999999"
"FCBJ"	"89.1"
"FCCA"	"95.1"
"FCEL"	"87.1"
"FCHS"	"85.4"
"FDBS"	"91.8"
"FDMM"	"89"
"FEDW"	"79.6"
"FFFY"	"89.4"
"FFGR"	"82.8"
"FFPD"	"94.8"
"FGDU"	"94"
"FGRF"	"95.4"
"FHST"	"93.7"
"FIDQ"	"77.9"
"FIKG"	"86.8"
"FITN"	"94.7"
"FLTD"	"89.1"
"FMRU"	"88.8"
"FMVB"	"90.7"
"FMWZ"	"94.4"
"FNEN"	"91.4"
"FNXH"	"86.8"
"FOMH"	"87.1"
"FONV"	"68.3"
"FOYQ"	"83.2"
"FPCO"	"95"
"FPLR"	"90.4"
"FPYZ"	"92.1"
"FQGQ"	"86.2"
"FQLP"	"74.2"
"FROP"	"94.3"
"FRPM"	"93.7"
"FSQE"	"78.8"
"FTRP"	"68"
"FUMQ"	"90.5"
"FUPX"	"91.4"
"FVXD"	"79.5"
"FWBF"	"89.1"
"FWCQ"	"85.8"
"FXGI"	"92.1"
"FXHG"	"89.4"
"FXJC"	"90.1"
"FYSJ"	"87.8"
"FYTP"	"90"
"FYUH"	"85.5"
"FZJL"	"93.8"
"FZQN"	"88.8"
"GAKQ"	"93.7"
"GAMH"	"96.1"
"GANB"	"79.9"
"GAON"	"83.8"
"GBCQ"	"89.5"
"GBGT"	"80.5"
"GBGW"	"75.3"
"GBVZ"	"92.7"
"GCFE"	"94.4"
"GCYL"	"87.8"
"GDKK"	"87.2"
"GDUD"	"79.5"
"GDYP"	"91.4"
"GDZS"	"94.3"
"GEHT"	"88.8"
"GETL"	"95"
"GFUR"	"77.3"
"GFVW"	"83.9"
"GGEA"	"84.8"
"GGJD"	"93.1"
"GGWH"	"87.5"
"GHLP"	"95.3"
"GIOY"	"49.1"
"GIPR"	"80.2"
"GIWN"	"93.1"
"GJIY"	"88.4"
"GJNX"	"90.7"
"GJPF"	"83.5"
"GJTI"	"94.7"
"GKAG"	"92.8"
"GKCZ"	"93.1"
"GLVK"	"93.4"
"GMAM"	"91.1"
"GMHZ"	"97.4"
"GNPX"	"92.7"
"GNQG"	"94.7"
"GNRI"	"93.7"
"GOQJ"	"95"
"GOWD"	"88.8"
"GQAV"	"91.8"
"GRFT"	"93.1"
"GRKU"	"90.5"
"GRRW"	"87.8"
"GSXD"	"91.4"
"GSZA"	"93.4"
"GTHK"	"92"
"GTSV"	"62.1"
"GTUO"	"94.3"
"GUBD"	"92.8"
"GUMF"	"91.8"
"GVCB"	"94.7"
"GXBM"	"88.1"
"GYBH"	"87.5"
"GYFU"	"92.7"
"GYRP"	"82.9"
"GZSF"	"88.1"
"GZUR"	"91.7"
"HABV"	"53.2"
"HAEU"	"97.3"
"HANM"	"94.1"
"HAOX"	"65.7"
"HATH"	"91.7"
"HBGV"	"60.4"
"HBHB"	"86.2"
"HBUQ"	"87.5"
"HDSY"	"90.4"
"HDWF"	"93.7"
"HEGQ"	"88.5"
"HELY"	"74.6"
"HENI"	"94.4"
"HERT"	"88.8"
"HFIK"	"83.5"
"HGSM"	"86.2"
"HHXJ"	"68"
"HIDG"	"57.4"
"HILW"	"93.7"
"HJMP"	"95.1"
"HJVM"	"87.8"
"HKMQ"	"84.2"
"HKZW"	"93.7"
"HLJG"	"92.1"
"HMFE"	"94.4"
"HMHL"	"97.1"
"HNCF"	"94.6"
"HNDZ"	"88.5"
"HOKG"	"86.9"
"HOOU"	"92.1"
"HOUF"	"96.7"
"HPNZ"	"87.4"
"HPWD"	"67.3"
"HPXA"	"91.7"
"HQOM"	"84.9"
"HQRJ"	"97.6"
"HRUR"	"87.8"
"HRVY"	"87.5"
"HRWG"	"95"
"HSXO"	"0.299999999999997"
"HTDC"	"29.5"
"HTFH"	"78.6"
"HTIP"	"90.4"
"HUGU"	"88.8"
"HUQC"	"88.1"
"HURS"	"90.4"
"HUSX"	"86.5"
"HVBQ"	"94"
"HVNO"	"85.1"
"HWUP"	"90.1"
"HXCD"	"90.5"
"HXDV"	"85.7"
"HXJE"	"80.9"
"HYHN"	"61.7"
"HYZL"	"91.1"
"HZTS"	"90.8"
"IADP"	"76.2"
"IAJW"	"94"
"IANR"	"95.3"
"IAYV"	"57.4"
"ICNN"	"85.2"
"ICOX"	"97"
"ICUS"	"92.4"
"IDAU"	"94.4"
"IDGE"	"86.2"
"IEHF"	"69.9"
"IEPQ"	"92"
"IFCJ"	"92.8"
"IFLI"	"88.1"
"IGUH"	"96.3"
"IHCQ"	"74.9"
"IHJY"	"76.9"
"IHOI"	"54.4"
"IHPC"	"94.5"
"IHWO"	"97"
"IIFB"	"92.7"
"IIOL"	"95.3"
"IJMT"	"91.1"
"IKFD"	"96.1"
"IKIZ"	"71"
"IKWM"	"72.9"
"ILBQ"	"96.1"
"IMZV"	"95.4"
"INQX"	"89.8"
"INSP"	"90"
"IORZ"	"94.4"
"IOVS"	"93.1"
"IPPG"	"91.4"
"IPUI"	"83.5"
"IPWB"	"81.2"
"IQJU"	"18.5"
"IQYY"	"91.4"
"IRAF"	"95.1"
"IRBN"	"97.7"
"IRYH"	"86.8"
"IRZA"	"69.6"
"ISGT"	"58.7"
"ISHC"	"87.4"
"ISIM"	"83.2"
"ISPU"	"85.5"
"IUSR"	"84.5"
"IWIS"	"89.2"
"IWJG"	"80.9"
"IWMW"	"90.1"
"IXEM"	"85.2"
"IXLH"	"91.8"
"IXVJ"	"89.8"
"IYDF"	"93.7"
"IZGN"	"94.1"
"IZLO"	"93.5"
"IZNU"	"86.1"
"JADL"	"95.1"
"JAFJ"	"94.1"
"JBGU"	"86.5"
"JBLI"	"82.9"
"JBND"	"95.4"
"JBYE"	"90.1"
"JCLQ"	"94"
"JCMU"	"92.4"
"JCXF"	"84.5"
"JDQB"	"94.8"
"JDTY"	"86.8"
"JEBK"	"72.6"
"JEPE"	"92.5"
"JETM"	"92.8"
"JEXA"	"93"
"JGAB"	"93.7"
"JGGD"	"87.1"
"JGYZ"	"93.8"
"JHCN"	"88.4"
"JHFI"	"93.5"
"JHUL"	"89.1"
"JIWJ"	"92.1"
"JJZR"	"61.4"
"JKAA"	"92"
"JKHA"	"90.1"
"JKKI"	"79.5"
"JKNQ"	"90.7"
"JLLY"	"2.40000000000001"
"JLOV"	"29.8"
"JMJV"	"91.8"
"JMTE"	"78.2"
"JMUI"	"77.6"
"JMXW"	"87.5"
"JNKW"	"92"
"JNUB"	"90.4"
"JNVS"	"90.2"
"JOIS"	"51.6"
"JOJQ"	"94.1"
"JOPH"	"94.4"
"JPDJ"	"94.7"
"JPYU"	"88.2"
"JQCX"	"85.8"
"JQFK"	"70.3"
"JRDV"	"79.5"
"JRGZ"	"65.7"
"JRNA"	"94.4"
"JROW"	"59.5"
"JSAG"	"87.8"
"JSVC"	"89.7"
"JSZD"	"79.2"
"JTIG"	"91.8"
"JTQQ"	"95.1"
"JTRM"	"91.8"
"JUWL"	"92.4"
"JVBR"	"94"
"JVSZ"	"95.4"
"JWEY"	"86.1"
"JWGT"	"88.1"
"JYMN"	"89.8"
"JYOB"	"90.8"
"JZHZ"	"93.1"
"JZVE"	"96"
"KADG"	"89.4"
"KAOV"	"96.1"
"KAWQ"	"94.7"
"KAYP"	"33.6"
"KBRW"	"87.1"
"KBXS"	"78"
"KCPT"	"90.7"
"KDCH"	"86.1"
"KEFD"	"93.7"
"KEGA"	"97"
"KEYW"	"90.5"
"KFAL"	"89.8"
"KFEB"	"90.4"
"KFZY"	"93.1"
"KGJF"	"93"
"KIIX"	"94.8"
"KJAA"	"94.7"
"KJBH"	"83.1"
"KJYC"	"91.4"
"KJZG"	"91.2"
"KKCW"	"91.8"
"KKDQ"	"92.7"
"KLGF"	"93.5"
"KMNX"	"60.7"
"KNKV"	"79.6"
"KNMB"	"94.8"
"KOFB"	"91.4"
"KPTE"	"97.1"
"KPUM"	"90.1"
"KRJP"	"90.4"
"KRUQ"	"94.4"
"KSFK"	"82.2"
"KTAR"	"93.7"
"KTQI"	"84.8"
"KTWL"	"90.7"
"KUJU"	"84.9"
"KUXM"	"84.5"
"KVAY"	"88.8"
"KVFU"	"93.5"
"KWGC"	"92.1"
"KXSK"	"85.8"
"KYAD"	"96.4"
"KYIO"	"70.9"
"KYNE"	"89.5"
"KZED"	"80.9"
"LACT"	"91.8"
"LAPO"	"82.5"
"LBRP"	"73.9"
"LBZM"	"94.4"
"LDEL"	"93.7"
"LDME"	"69"
"LDRY"	"84.8"
"LELS"	"97.1"
"LEMW"	"92.8"
"LETF"	"79.6"
"LFII"	"93.7"
"LFOG"	"92.4"
"LFQH"	"91.2"
"LFVP"	"97.6"
"LGDQ"	"83.5"
"LGOW"	"92.4"
"LHDP"	"91.8"
"LHLE"	"93.3"
"LHSH"	"94.1"
"LIRF"	"83.8"
"LJPN"	"70.3"
"LJQF"	"51.6"
"LKKX"	"95.4"
"LLEN"	"71.4"
"LLQV"	"88.4"
"LLXJ"	"82.2"
"LMVB"	"7.59999999999999"
"LMXP"	"81.2"
"LNER"	"91.4"
"LNIL"	"59"
"LNSF"	"93"
"LPGY"	"87.1"
"LQJY"	"96.1"
"LQUX"	"93.1"
"LRRR"	"93.4"
"LRTN"	"91.1"
"LSHT"	"89.4"
"LSJW"	"89.1"
"LSKK"	"90.7"
"LSLA"	"94.7"
"LTZF"	"88.1"
"LUNL"	"87.1"
"LVNW"	"50.8"
"LVUS"	"91.5"
"LWCK"	"95.7"
"LWDA"	"95.8"
"LXGM"	"91.1"
"LXRN"	"68"
"LYPZ"	"95"
"MAQO"	"91.4"
"MBQU"	"92.4"
"MBWM"	"94.3"
"MCHJ"	"86.1"
"MCNW"	"96"
"MCPK"	"73.9"
"MDJK"	"83.2"
"MEAH"	"86.2"
"MEKP"	"91.4"
"MFEA"	"44.3"
"MFIN"	"92.4"
"MFTM"	"94.8"
"MFYC"	"80.2"
"MFZO"	"93.3"
"MGBF"	"96.3"
"MGVU"	"90.5"
"MHGD"	"96.4"
"MHYG"	"96.7"
"MIKW"	"89.2"
"MIRS"	"85.9"
"MIXZ"	"86.1"
"MJAV"	"92.7"
"MJHP"	"91.8"
"MJMQ"	"40.3"
"MKZR"	"84.5"
"MLPX"	"89.5"
"MLUJ"	"93.7"
"MMJI"	"78.9"
"MMKU"	"94.4"
"MNCB"	"81.2"
"MNNM"	"76.3"
"MNPL"	"80.6"
"MOYY"	"78.2"
"MQIV"	"97.1"
"MRKX"	"91.1"
"MROH"	"84.8"
"MTGC"	"93.1"
"MTHW"	"97"
"MTII"	"90.8"
"MUCT"	"97.3"
"MULF"	"78.8"
"MUMD"	"94.4"
"MUNP"	"89.5"
"MVRF"	"91.8"
"MVSE"	"83.5"
"MVTX"	"92.8"
"MWAN"	"66.4"
"MWXT"	"60.1"
"MWYQ"	"91.4"
"MXDS"	"77.2"
"MXEZ"	"79.9"
"MXFG"	"86.5"
"MYMP"	"93.1"
"MYVH"	"94.4"
"MYZV"	"94"
"MZLD"	"93.2"
"MZOB"	"93.1"
"NATT"	"71"
"NAUM"	"89.1"
"NBMW"	"94.7"
"NBYP"	"95"
"NCVK"	"70"
"NDPQ"	"93.7"
"NDUV"	"94.4"
"NEBM"	"95.7"
"NFXV"	"78.9"
"NGRR"	"93.4"
"NGTD"	"93.1"
"NHAG"	"87.9"
"NHCM"	"80.5"
"NHIX"	"71"
"NHUA"	"93.8"
"NIGS"	"88.5"
"NIJU"	"17.8"
"NJJO"	"96.7"
"NJKC"	"93.1"
"NJLF"	"90.5"
"NKIN"	"92.8"
"NKXU"	"83.5"
"NLOM"	"60.7"
"NMAK"	"76"
"NMDZ"	"89.4"
"NMGG"	"95.1"
"NNGU"	"90"
"NNHQ"	"72"
"NNOK"	"94.3"
"NOKI"	"94.4"
"NPND"	"58.8"
"NPRL"	"86.8"
"NQWS"	"87.5"
"NQYP"	"78.6"
"NRWZ"	"90.8"
"NRXL"	"96.1"
"NSPR"	"70.7"
"NSTT"	"67.7"
"NTEO"	"89.7"
"NTLE"	"84.8"
"NUSE"	"95.1"
"NUZN"	"85.2"
"NVGZ"	"96"
"NVSO"	"90.4"
"NWMY"	"80.5"
"NWQC"	"95.7"
"NWWI"	"83.4"
"NXOH"	"87.5"
"NXTS"	"84.8"
"NYBX"	"91.5"
"OAEZ"	"82.9"
"OAGK"	"95.7"
"OAQS"	"91.1"
"OBOJ"	"95.4"
"OBPL"	"96"
"OBTI"	"96"
"OBUY"	"57.1"
"OCTM"	"90.5"
"OCWZ"	"88.1"
"OCZL"	"89.5"
"ODDO"	"97"
"ODXI"	"90.4"
"OEKO"	"92.1"
"OFTV"	"92.8"
"OFUE"	"70"
"OFWX"	"83.8"
"OGSY"	"90.5"
"OGZM"	"68.1"
"OHAE"	"88.1"
"OHKC"	"89.1"
"OINM"	"85.2"
"OJCW"	"80.5"
"OKEF"	"95.7"
"OLES"	"91.5"
"OLXF"	"87.8"
"OMDH"	"87.8"
"OMXG"	"94"
"OMYK"	"88.8"
"ONBE"	"80.6"
"ONLQ"	"98.3"
"ONZG"	"90.7"
"OODC"	"75.2"
"OOSO"	"95.4"
"OOVX"	"87.2"
"OPDF"	"87.1"
"OPZX"	"90.4"
"OQBM"	"87.9"
"OQHZ"	"86.8"
"OQON"	"83.2"
"OQWW"	"87.8"
"ORJE"	"92.4"
"ORKS"	"94.1"
"OSHQ"	"88.1"
"OSIP"	"82.5"
"OSMU"	"93"
"OTAN"	"93.1"
"OTQG"	"65.7"
"OUER"	"91.4"
"OUOI"	"88.8"
"OVHR"	"78"
"OVIJ"	"87.2"
"OVRB"	"83.5"
"OWAS"	"92.4"
"OWFC"	"96.1"
"OXGJ"	"92"
"OXYP"	"91"
"OYLU"	"91"
"OYST"	"94.7"
"OZJZ"	"89.8"
"PAWA"	"93.5"
"PAZJ"	"87.2"
"PBUU"	"84.2"
"PCGJ"	"96.4"
"PCNH"	"94.7"
"PDIE"	"95.1"
"PDQH"	"95.1"
"PDXY"	"92.7"
"PEZP"	"94.1"
"PFSA"	"88.5"
"PFUD"	"80.6"
"PGKL"	"90.5"
"PHCE"	"86.7"
"PHOQ"	"90.1"
"PIUF"	"92.8"
"PIVW"	"94.7"
"PIYM"	"92.8"
"PJSX"	"96"
"PKMO"	"77.3"
"PKOX"	"95.7"
"PLBZ"	"88.2"
"PLYX"	"94.7"
"PMRP"	"96.1"
"PMTB"	"97.1"
"PNZO"	"87.8"
"POIR"	"92.4"
"POOW"	"85.8"
"POPJ"	"92.7"
"POZS"	"88.1"
"PPPZ"	"86.2"
"PPQR"	"87.7"
"PQED"	"92.3"
"PQTO"	"94.4"
"PRFO"	"88.5"
"PRIQ"	"88.2"
"PSHB"	"86.4"
"PSJT"	"90.1"
"PSKY"	"75.9"
"PTBJ"	"92.1"
"PTFA"	"94.4"
"PTLU"	"93"
"PUAN"	"83.6"
"PUCW"	"95.4"
"PUDI"	"93.4"
"PVGM"	"94.8"
"PVGP"	"53.1"
"PWKQ"	"70.6"
"PWSG"	"91.5"
"PXYR"	"91.8"
"PYDB"	"73.9"
"PYHZ"	"94.7"
"PZAP"	"96.4"
"PZBH"	"50.5"
"PZIF"	"84.5"
"PZRT"	"83.2"
"QACK"	"90.8"
"QAIR"	"81.2"
"QASA"	"82.8"
"QAUE"	"92.1"
"QBGG"	"84.5"
"QBRF"	"91.4"
"QCGM"	"91.1"
"QCOU"	"88.5"
"QDTV"	"74.8"
"QDVW"	"91.5"
"QEBC"	"95.1"
"QEHE"	"94.4"
"QFAE"	"81.8"
"QFND"	"69.3"
"QGLJ"	"57.1"
"QGQH"	"75.5"
"QHBI"	"93.4"
"QHVS"	"79.3"
"QIAD"	"69.3"
"QICX"	"92.1"
"QIEH"	"73.9"
"QIKZ"	"93.1"
"QJXB"	"96.1"
"QJYX"	"55.8"
"QKEI"	"95.1"
"QKMG"	"91"
"QKQO"	"95.1"
"QLMZ"	"85.1"
"QMUN"	"85.2"
"QMWB"	"91.5"
"QNGJ"	"95.3"
"QNIK"	"84.2"
"QNOC"	"72.9"
"QNPH"	"85.5"
"QOXT"	"87.1"
"QPDY"	"94.4"
"QRNU"	"94.1"
"QRTH"	"80.8"
"QSKP"	"92.1"
"QSLH"	"91.7"
"QSNJ"	"96"
"QTJY"	"89.1"
"QURC"	"89.5"
"QUTB"	"96"
"QVMR"	"89.2"
"QWFV"	"85.8"
"QWRA"	"77.9"
"QXSZ"	"67.4"
"QXWF"	"84.1"
"QYXY"	"89.5"
"QZBA"	"93.2"
"QZXQ"	"85.2"
"QZZU"	"96.7"
"RAPY"	"84.8"
"RAWF"	"85.5"
"RBYC"	"92.5"
"RCAH"	"84.7"
"RCBT"	"92.8"
"RCUX"	"86.5"
"RDOO"	"95.4"
"RDYY"	"88.8"
"REOF"	"94"
"REZJ"	"90.1"
"RFAD"	"66"
"RFMZ"	"92.5"
"RFRB"	"66.7"
"RFSD"	"86.1"
"RGKI"	"91.7"
"RGMN"	"82.5"
"RHAU"	"95.3"
"RHVC"	"88.5"
"RICC"	"89.1"
"RIDD"	"91.8"
"RJIM"	"94.7"
"RJNQ"	"83.5"
"RKFX"	"91.1"
"RKGT"	"93.7"
"RKLL"	"93.4"
"RLCS"	"93.4"
"RLZU"	"89.4"
"RMMV"	"96.4"
"RMVB"	"84.2"
"RMWJ"	"41.3"
"RNAT"	"89.1"
"RNBN"	"87.1"
"ROAP"	"51.5"
"ROEI"	"88.1"
"ROLB"	"94.7"
"ROWR"	"91.8"
"ROZZ"	"63.1"
"RPGL"	"84.5"
"RPPC"	"93.4"
"RPQV"	"91.8"
"RPRU"	"91.1"
"RQFE"	"86.8"
"RQNK"	"90.8"
"RQUG"	"96.1"
"RQZP"	"90.1"
"RRID"	"94"
"RRSV"	"56.8"
"RSCE"	"95"
"RSOF"	"64"
"RSPO"	"88.1"
"RTLC"	"73.9"
"RTMU"	"88.8"
"RTNA"	"93.4"
"RTTY"	"93.5"
"RUIF"	"76.6"
"RUUB"	"87.4"
"RVGH"	"94.8"
"RWKR"	"84.9"
"RWXW"	"84.5"
"RWYZ"	"89.2"
"RXEN"	"91.7"
"RXRQ"	"93.8"
"RYJX"	"84.5"
"RZSW"	"74.2"
"RZTJ"	"87.2"
"SALZ"	"93.8"
"SART"	"88.8"
"SBLT"	"69"
"SBZH"	"87.8"
"SCAO"	"85.8"
"SCEB"	"92.4"
"SDPC"	"85.7"
"SDXI"	"86.2"
"SEMK"	"92.5"
"SENY"	"0.700000000000003"
"SERM"	"90.8"
"SFCT"	"78.9"
"SFKQ"	"92.1"
"SFZX"	"94.7"
"SGTW"	"84.1"
"SHEZ"	"60.7"
"SIBR"	"89.5"
"SIIK"	"93.6"
"SILJ"	"94.8"
"SIZE"	"93.7"
"SJAN"	"87.5"
"SJEV"	"94"
"SKNL"	"74.6"
"SKQD"	"92"
"SKYV"	"89.5"
"SLOI"	"60.7"
"SLYR"	"93.4"
"SMMC"	"92"
"SMUR"	"89.7"
"SMZF"	"89.9"
"SNBI"	"89.1"
"SNNC"	"94.5"
"SNOX"	"86.2"
"SOHV"	"80.5"
"SQCF"	"88.4"
"SRGS"	"82.2"
"SRSQ"	"83.5"
"SSDU"	"93.1"
"STDO"	"89.8"
"STKJ"	"81.2"
"STKY"	"93.5"
"SUAK"	"95.7"
"SUFP"	"89.5"
"SUVN"	"88.5"
"SVQC"	"94.8"
"SVTS"	"76.5"
"SVVG"	"94"
"SWGX"	"91.4"
"SWOH"	"74.6"
"SWPE"	"92.7"
"SXCE"	"84.2"
"SXML"	"93.4"
"SYHW"	"80.2"
"SYJM"	"88.4"
"SZPD"	"94"
"SZUO"	"83.5"
"SZYG"	"87.1"
"TAGM"	"88.1"
"TAHF"	"90.7"
"TAVP"	"91.7"
"TCBC"	"88.1"
"TCYS"	"85.8"
"TDTF"	"92.4"
"TEZA"	"88.1"
"TFDQ"	"90.1"
"TFYI"	"78.9"
"TGKW"	"90"
"TGNL"	"72"
"TGOP"	"92.5"
"THDM"	"90.7"
"THEW"	"54.4"
"THHD"	"96.7"
"TIJL"	"95.5"
"TIUZ"	"95.4"
"TJES"	"90.1"
"TJLC"	"94.4"
"TJMB"	"92.8"
"TJQY"	"91.5"
"TKEK"	"93.7"
"TLCA"	"92.1"
"TMAJ"	"94.1"
"TMMR"	"83.5"
"TMWO"	"93.8"
"TNAW"	"87.1"
"TNVE"	"89.5"
"TNWF"	"92.4"
"TOKV"	"92.1"
"TORX"	"93"
"TOXE"	"92.4"
"TPEM"	"89.7"
"TPHT"	"78.5"
"TPUT"	"67.3"
"TQKZ"	"93.8"
"TQOO"	"97.7"
"TRLB"	"83.4"
"TRPJ"	"22.5"
"TRRQ"	"90.1"
"TSBQ"	"64.6"
"TTRG"	"90.1"
"TUHA"	"91.8"
"TVCU"	"77.9"
"TVSH"	"95.4"
"TWFZ"	"15.9"
"TWUW"	"86.5"
"TXMP"	"95.1"
"TXVB"	"95.1"
"TZJQ"	"67.7"
"TZNS"	"92.1"
"TZWR"	"93"
"UASK"	"81.8"
"UAXP"	"96.7"
"UBLN"	"95.3"
"UCNM"	"95.7"
"UCRN"	"84.2"
"UDHA"	"87.5"
"UDUT"	"85.5"
"UEEN"	"89.7"
"UEVI"	"91.7"
"UFHF"	"93.5"
"UFJN"	"95"
"UFQC"	"92.8"
"UGJI"	"79.9"
"UGNK"	"94.1"
"UGPM"	"72.9"
"UHBY"	"89.5"
"UHJR"	"66.7"
"UHLI"	"95.1"
"UJGI"	"94.7"
"UJTT"	"91.1"
"UJWU"	"79.2"
"UKUC"	"86.4"
"ULGV"	"84.5"
"ULKT"	"81.8"
"ULXR"	"84.1"
"UMUL"	"89.8"
"UNBZ"	"78.5"
"UNPT"	"89.7"
"UNSW"	"78.9"
"UOEL"	"85.5"
"UOMY"	"94.4"
"UOYN"	"94.4"
"UPMJ"	"90.4"
"UPOG"	"92.7"
"UPZX"	"88.5"
"UQAZ"	"81.2"
"UQCB"	"87.2"
"URCP"	"93.7"
"URDJ"	"93.7"
"URSB"	"71"
"URZI"	"91.4"
"USIX"	"55.8"
"UTQR"	"96.4"
"UTRE"	"90.1"
"UUHD"	"92"
"UUJS"	"92.1"
"UVDC"	"87.5"
"UVQL"	"50.2"
"UWFU"	"89.1"
"UWOD"	"87.9"
"UXCS"	"47.2"
"UYED"	"91"
"UYFR"	"60.4"
"UZNH"	"27.1"
"UZWG"	"96.1"
"UZXL"	"82.9"
"VALZ"	"74.9"
"VAZE"	"91.8"
"VBHQ"	"83.5"
"VBLH"	"76.5"
"VBMM"	"95.1"
"VCCF"	"89.8"
"VCIN"	"75.5"
"VDAO"	"56.1"
"VDKG"	"92.4"
"VFFP"	"96.4"
"VFIV"	"86.5"
"VFYZ"	"90.8"
"VGHH"	"95"
"VGSX"	"94.3"
"VGVI"	"90.8"
"VHIJ"	"78.3"
"VHZV"	"93.4"
"VIAU"	"82.2"
"VIBO"	"91.7"
"VITX"	"95.4"
"VJDZ"	"92"
"VJED"	"74.9"
"VJPU"	"93.7"
"VJSJ"	"83.1"
"VKGP"	"94"
"VKJD"	"96.1"
"VKOE"	"88.4"
"VKVG"	"67.4"
"VLNB"	"96"
"VMNH"	"84.8"
"VMXJ"	"95.7"
"VNAL"	"64.4"
"VNMY"	"93.4"
"VPCP"	"82.5"
"VPDX"	"89.1"
"VQBJ"	"90.1"
"VQFW"	"92.4"
"VQYB"	"91.4"
"VRGZ"	"86.8"
"VSRH"	"97.3"
"VTLJ"	"87.5"
"VTOK"	"90.7"
"VTUS"	"94"
"VUGF"	"95.1"
"VUIT"	"86.5"
"VUSY"	"94.1"
"VVPY"	"94"
"VVRN"	"95.5"
"VVVV"	"92.1"
"VWIP"	"2.40000000000001"
"VXKB"	"93.1"
"VXOD"	"94.1"
"VYDM"	"90.8"
"VYER"	"85.2"
"VYGG"	"68.9"
"VYLQ"	"97.4"
"VZCI"	"96.7"
"VZWX"	"69.7"
"WAFT"	"89.4"
"WAIL"	"95.7"
"WAXR"	"90.2"
"WBIB"	"92.7"
"WBOD"	"91.2"
"WBXY"	"95.7"
"WCLG"	"89.5"
"WCLV"	"88.1"
"WCOR"	"94.3"
"WCQU"	"92.1"
"WCZB"	"89.8"
"WDCW"	"89.8"
"WDGV"	"91.4"
"WDWX"	"89.1"
"WEAC"	"95.4"
"WEEQ"	"85.5"
"WEJN"	"70.9"
"WEQK"	"94.4"
"WFBF"	"90.1"
"WGET"	"89.8"
"WGMD"	"75.6"
"WGTU"	"97.3"
"WGUG"	"84.1"
"WHHY"	"90.4"
"WHNV"	"95.4"
"WIGA"	"79.9"
"WJLO"	"94.4"
"WKCY"	"96.4"
"WKSU"	"88.1"
"WLIC"	"83.9"
"WLZP"	"77.2"
"WMLW"	"87.1"
"WMUK"	"95.8"
"WNGH"	"95"
"WOBD"	"95.4"
"WOGB"	"93.4"
"WOHL"	"96"
"WPHN"	"92.8"
"WPUV"	"88.1"
"WPYJ"	"86.8"
"WQML"	"97.4"
"WQRD"	"93.4"
"WQUF"	"95.3"
"WRPP"	"96.8"
"WRSL"	"91.1"
"WSJO"	"91.8"
"WSPM"	"91"
"WSYE"	"94.4"
"WTDE"	"92.1"
"WTJG"	"77.2"
"WTKZ"	"71.9"
"WUZV"	"94.4"
"WVEF"	"93.7"
"WVMY"	"73.9"
"WVWN"	"93.3"
"WWKL"	"82.2"
"WWQZ"	"93.5"
"WWSS"	"88.5"
"WXNT"	"90.5"
"WXRI"	"70"
"WXVX"	"92.4"
"WYAJ"	"95.4"
"WYIG"	"86.4"
"WZFE"	"94.8"
"WZYK"	"92.8"
"XAXW"	"69"
"XAYK"	"96.1"
"XBKS"	"94.4"
"XDDT"	"95.8"
"XDLL"	"79.2"
"XDVM"	"21.1"
"XEUV"	"92.4"
"XFFT"	"84.8"
"XFJG"	"89.4"
"XGFU"	"93.8"
"XHHU"	"91.7"
"XHKT"	"93.8"
"XIRK"	"96"
"XISJ"	"82.6"
"XIVI"	"78.9"
"XJGM"	"74.3"
"XKPS"	"82.8"
"XKVX"	"84.5"
"XKWQ"	"56.8"
"XLGK"	"96"
"XMBA"	"66.4"
"XMCL"	"84.5"
"XMGP"	"85.5"
"XMOG"	"75.6"
"XMQO"	"84.5"
"XMVD"	"96.1"
"XNLP"	"94.4"
"XNXF"	"88.1"
"XOAL"	"79.5"
"XONJ"	"9.90000000000001"
"XOOE"	"59.1"
"XOZZ"	"89.8"
"XPAF"	"90.1"
"XPBC"	"91.8"
"XQRV"	"93.8"
"XQSG"	"95"
"XQWC"	"95.7"
"XRCX"	"92.1"
"XRLM"	"93.1"
"XRTZ"	"85.1"
"XSNO"	"86.8"
"XSSD"	"96"
"XSZI"	"94.4"
"XTON"	"73.3"
"XTZO"	"96.1"
"XUAB"	"93.4"
"XVJB"	"95.6"
"XVRU"	"87.2"
"XWDM"	"94.8"
"XWHK"	"85.5"
"XWMS"	"96"
"XXHP"	"92.1"
"XXYA"	"92"
"XZAQ"	"92.4"
"XZME"	"94.4"
"XZPP"	"87.1"
"XZUY"	"90.2"
"YADI"	"94.1"
"YBML"	"87.1"
"YBQN"	"90.8"
"YCKE"	"91.5"
"YDCQ"	"68"
"YDEH"	"92.1"
"YEPO"	"97.3"
"YFGP"	"91.7"
"YFQX"	"95"
"YFZK"	"91"
"YGAT"	"71"
"YGCX"	"83.2"
"YHFG"	"92.8"
"YHLF"	"87.5"
"YHXT"	"88.5"
"YHZW"	"95"
"YIVZ"	"86.5"
"YIXP"	"86.2"
"YJJY"	"88.1"
"YJUG"	"83.4"
"YKFU"	"86.1"
"YKQR"	"89.7"
"YKSS"	"0.299999999999997"
"YKZB"	"91.5"
"YLBK"	"94.8"
"YLJA"	"91.1"
"YLPM"	"90.7"
"YLWW"	"75.5"
"YMES"	"95.1"
"YMUO"	"93.7"
"YNFJ"	"90.4"
"YNUE"	"94.7"
"YOHC"	"73.3"
"YOWV"	"88.7"
"YOXI"	"92.8"
"YPIC"	"90.5"
"YPSN"	"84.2"
"YQEC"	"88.5"
"YQIJ"	"76.6"
"YRBQ"	"91.7"
"YRHD"	"94.8"
"YRMA"	"87.5"
"YSBD"	"62"
"YSQT"	"91.4"
"YSRZ"	"93.1"
"YTYU"	"70.3"
"YUOM"	"94.4"
"YWNF"	"96"
"YXNR"	"89.7"
"YYPE"	"97"
"YZGX"	"65.4"
"YZRI"	"94.1"
"YZVJ"	"84.2"
"ZACW"	"95.7"
"ZBPY"	"90.7"
"ZBTA"	"95"
"ZBVT"	"94.8"
"ZCDJ"	"95.8"
"ZCUA"	"95.7"
"ZDIZ"	"86.8"
"ZDOF"	"82.5"
"ZENX"	"88.2"
"ZETY"	"95.7"
"ZFGK"	"89.4"
"ZFRE"	"94.4"
"ZFXU"	"90.1"
"ZGDS"	"80.5"
"ZGQD"	"86.5"
"ZHEE"	"77.5"
"ZHMB"	"94.7"
"ZINQ"	"95.7"
"ZIVZ"	"78.3"
"ZIWB"	"64.7"
"ZJDK"	"93.4"
"ZJOJ"	"76.9"
"ZJRC"	"96.1"
"ZJUL"	"90.1"
"ZKPF"	"65.4"
"ZLBP"	"85.8"
"ZLOA"	"80.5"
"ZLQE"	"79.5"
"ZMGN"	"93.4"
"ZNUM"	"86.4"
"ZNZC"	"90.4"
"ZOPP"	"28.8"
"ZPKK"	"63.7"
"ZQRI"	"96.4"
"ZQVF"	"92.8"
"ZQWM"	"93.4"
"ZQYU"	"89.8"
"ZRAV"	"94.1"
"ZRIN"	"86.8"
"ZRMT"	"91.1"
"ZSAB"	"87.8"
"ZSGF"	"97"
"ZSNV"	"94.7"
"ZSSR"	"94.4"
"ZTHV"	"93.8"
"ZTLR"	"91.5"
"ZUHO"	"93.3"
"ZULJ"	"66.6"
"ZUQW"	"92.7"
"ZVFS"	"90.7"
"ZXJO"	"90.2"
"ZYAX"	"87.5"
"ZYCD"	"87.1"
"ZZEI"	"95.3"
"ZZOL"	"81.9"
